,Description
1,Addition Whole Numbers
2,Addition and Subtraction Integers
3,Multiplication and Division Integers
4,Addition and Subtraction Positive Decimals
5,Ordering Integers
6,Ordering Positive Decimals
7,Ordering Fractions
8,Least Common Multiple
9,Addition and Subtraction Fractions
10,Multiplication Fractions
11,Division Fractions
12,"Order of Operations +,-,/,* () positive reals"
13,Order of Operations All
14,Exponents
15,Conversion of Fraction Decimals Percents
16,Proportion
17,Equation Solving Two or Fewer Steps
18,Solving for a variable
19,Pattern Finding 
20,Subtraction Whole Numbers
21,Write Linear Equation from Situation
22,Area Circle
23,Area Trapezoid
24,Unit Conversion Within a System
25,Perimeter of a Polygon
26,Finding Percents
27,Calculations with Similar Figures
28,Circumference 
29,Percent Of
30,Unit Rate
31,Equation Solving More Than Two Steps
32,Write Linear Equation from Ordered Pairs
33,Write Linear Equation from Graph
34,Area Irregular Figure
35,Area Parallelogram
36,Area Rectangle
37,Area Triangle
38,Effect of Changing Dimensions of a Shape Prportionally
39,Surface Area Rectangular Prism
40,Surface Area Cylinder
41,Volume Rectangular Prism
42,Volume Cylinder
43,Volume Sphere
44,Venn Diagram
45,Stem and Leaf Plot
46,Mean
47,Range
48,Scatter Plot
49,Histogram as Table or Graph
50,Table
51,Median
52,Mode
53,Probability of Two Distinct Events
54,Counting Methods
55,Box and Whisker
56,Circle Graph
57,Equivalent Fractions
58,Multiplication and Division Positive Decimals
59,Probability of a Single Event
60,Fraction Of
61,Absolute Value
62,Complementary and Supplementary Angles
63,Congruence
64,Nets of 3D Figures
65,Pythagorean Theorem
66,D.4.8-understanding-concept-of-probabilities
67,Interior Angles Figures with More than 3 Sides
68,Interior Angles Triangle
69,Rotations
70,Reflection
71,Translations
